"","M.C.193","M.C.216","M.C.218","M.C.226","M.C.306","M.C.329","M.C.334","M.C.337","M.C.339","M.C.358","M.C.360","M.C.363","M.C.373","M.C.482","M.C.488","M.T.18","M.T.20","M.T.22","M.T.235","M.T.245","M.T.29","M.T.31","M.T.32","M.T.399","M.T.43","M.T.44","M.T.500","M.T.7","M.T.83","M.T.8"
"LOC132713118",9.02079346469821,9.77610644152612,10.2677582276456,9.8793892327107,9.70070947082015,10.6380646282516,10.1675516494192,9.59756133078941,10.2181612062917,9.84180021472738,9.63438391245491,10.2616138438649,10.052902475768,10.5139367499833,9.86396480816243,8.66587345166201,9.07621162971535,9.29639940490752,9.09102583165433,8.8988638004371,9.86136238465783,9.36822896789014,8.95180066315544,8.91265851182379,9.80121039144551,9.10689877559808,9.90821301941626,7.82186395522166,9.8829401540614,9.6034388424488
"LOC132722155",7.41307392390499,8.77962148932948,8.36276925157485,7.81045730450951,8.34160813041719,9.45276567303885,9.45270194924394,8.67055551423599,7.26865355470146,8.71242609061419,9.08639522703749,9.38701996934978,7.52852363724296,8.00366695803418,8.18084257993408,6.53550926897738,6.41385179617424,7.16234124605947,7.72698190004858,7.1880048893753,7.96142623035142,6.90527855226144,7.7491547165361,8.12233685583757,8.62194903183879,7.71654964582114,7.9558894045558,6.15468947254755,7.68286542908675,7.98175729222896
"LOC132722176",8.6395318428401,8.76080565623754,8.9626129697809,7.60041450805275,8.14511273087105,9.29802446331181,8.67354648673975,8.49610829092668,7.84449636812946,8.4591843703164,9.59915336889145,8.46707682066436,7.85064954611469,9.1281390997895,8.9899410308386,8.35478659709088,6.5112978073172,7.9460860115812,7.67938289357199,7.88006057187981,7.87828603488822,7.80206017831835,7.03489018992228,7.03061619769936,8.41220752143528,7.81482981901074,8.50915959131953,8.03226415812532,8.07165916113982,7.76569626272086
"LOC132723296",8.84705453911037,9.57106120422185,9.08708995863533,9.91242920957142,9.33713727913169,8.89262834349568,10.3768354913937,7.78815537780677,8.39284862046775,9.36567463769201,9.27233238218289,9.78009661287504,9.28280293002362,9.23643143179553,9.96350990237378,8.87717271715358,9.20455026871863,7.86037465477199,7.81771281394421,8.29723019996966,7.45508093432432,9.40415449516452,7.94027038747862,8.55942149830767,8.82256083098325,8.33862857215548,8.6637706687661,8.66070591125838,8.6531836572191,8.8781791162131
"LOC132725056",7.03164247862029,7.39588445009518,6.55897779105776,7.20087882834456,6.13985480558431,5.85840499443834,5.52805448850753,6.0749268860464,6.69281931606587,6.39283073591796,6.91685424359172,5.92484097255287,6.47368772594343,6.46330423980028,5.98191287601063,5.11946443020541,4.10196356576328,5.09552388359081,6.653935837886,5.29640004392285,3.45545436464878,4.7898090625435,5.04969648637675,4.32404174764992,4.89258709303116,5.20012405965278,5.50681245528944,4.56115202913649,6.68986944229836,4.98287003855733
"LOC132728236",7.70174985842754,7.03157969891438,6.82519099770827,6.79126103919072,7.40297825703175,6.90950269031834,7.21667073340651,7.33116926830359,7.71898973959408,6.91364395465176,7.23409758910895,6.214897484094,7.21512594108774,7.06907957592303,6.64826361109514,7.6003059081701,7.56302664689779,7.63115113228887,7.60490365552814,8.00630251373909,7.87828603488822,7.86528472748909,7.52235014237255,7.29975228815337,7.50323242545073,7.82596407928753,7.60840487411296,7.98706870653708,7.41346078848765,7.2993356792356
"LOC132729677",8.79117313445345,9.95725661101791,9.38987606806447,8.87178608567915,9.22745233554817,9.43126347015418,9.272967274261,9.82457603838027,8.13722911404584,9.40390008119423,9.35491343315273,9.65252724232552,9.07248806262798,9.13125962006269,9.72762933315152,8.8202869017771,8.39016674963452,8.31166776966403,8.88614712488401,8.49204484473845,8.99281247359028,8.78798789681583,8.35746617227471,8.8409941366937,9.02538822185723,8.73099552346592,8.98112177418078,8.85434417014982,9.17162765617655,8.37579716149837
"LOC132730403",7.24809589654425,9.61362932399224,7.5770102986508,9.99887202033499,8.73521302852294,10.1840946401302,9.36338625105338,9.07546520804511,7.93194351568998,9.06531517252896,8.72385649989253,9.11515844912518,8.36122972098318,8.31489614844031,9.76791451419026,6.83804079282861,8.16910041511624,7.65849455498724,7.79555940047944,7.53380650252728,7.77043148651817,6.2370685327417,7.54161083247675,8.38749230892918,8.6418327089543,8.22966264104467,8.32625025879184,6.8435210298491,8.11064200845067,8.73191449892528
"LOC132731011",5.24159598422041,7.21969968741861,6.57607361384974,6.55808063589353,6.62532524761938,7.51110334330479,6.70908071913275,6.50169030971852,5.39822533580014,5.66726586390156,6.84648959907508,6.66301605773271,5.48983013730615,6.54044595221937,6.66387458214037,5.38156965309779,3.95134938841371,5.59738245960459,6.10041844004443,5.71324284723093,5.31766206325333,5.43342985993524,4.89854673283465,5.57616952598286,6.01254494560914,5.50728175904101,5.1136558433603,5.3130686164518,6.07292808228671,4.98287003855733
"LOC132732296",7.75806683378818,8.50448130351276,8.22865543738334,7.93651485506851,8.65815621603741,7.85586438654998,8.10296651534683,8.01928765788159,8.09743419817624,7.8534316346455,6.52469108497705,7.42929733642613,8.69508181085868,8.0505715848693,8.29050027406114,9.47697276235927,9.24356244415379,8.6616921649892,9.51145524129596,7.88006057187981,9.03729188392606,8.25448918592299,8.76777333186516,9.04375530478582,8.90096867189511,8.35793447534648,7.86484645261117,8.34325988689403,9.05155094733188,8.96913927597085
"LOC132734395",8.38121067997258,9.93896025443349,9.1766751324705,8.61869989386208,9.64733563242335,9.98449338052788,9.86352192670844,9.04519397799388,8.53369418578416,8.7537127521837,8.81572989571879,9.219791034437,9.15463360010142,9.29881872693685,9.72762933315152,8.4471434880405,7.85055446869773,8.36658521081217,9.07578721803939,9.1686133591936,8.66097112769792,8.47770593825267,8.26392536900775,8.63670028295157,8.63688742215072,8.13435671930199,8.8516225685527,8.72818134293943,8.67935062988517,8.59897630254438
"LOC132740341",6.03251507677308,7.11691485421094,8.56039932783618,7.11402873495373,9.16805265792783,8.70378346347428,7.81820728530043,7.61053932495238,6.52296840466252,7.12291240010368,6.84648959907508,8.21127435281414,6.77020109413821,7.80695434284618,7.56826369125144,7.30887449248793,6.07444573242135,6.35059475685588,7.39501577513334,6.95737018280173,6.56552615317499,6.80851002271444,6.19926601236445,6.50710958230949,7.33633623002972,6.51904047967579,6.5588264593537,6.05309521194727,6.76510149809647,7.24643794612277
"LOC132741452",11.4758534478572,11.9594720781156,12.0784071813924,12.08206966376,12.1422575223214,12.3287301575471,11.7627951677607,12.0954531085737,11.1655830938054,11.5438283095387,11.5802486426755,11.9402853914496,11.2686015623526,11.7036329313165,12.0496816751732,11.3047692906666,10.5733595071879,11.3449832978353,11.6848725340255,11.4477008137154,10.8736776581153,11.0838662245366,10.5905952748233,11.4977157153396,11.5063037523245,10.4990092307387,11.2210694576861,11.0285497195052,11.6508714265395,11.0040994618137
"LOC132741637",6.52611810440034,7.35632303792812,6.47032109143372,7.31909034348406,7.44529090009799,9.03485444472767,7.64415658751405,7.39428635307497,6.02574328098661,7.00351793527765,8.83705646248644,7.20515342785832,7.21512594108774,8.10237359356049,7.52617910422019,5.88270246005441,5.16578707536409,7.03251001372438,7.04048524008363,6.64870374465897,6.97293911954089,6.54232706637881,6.1160561135755,7.41391532136036,6.23828643888504,6.92324432553711,7.27626125765885,5.74095145976672,6.13096427934413,6.22342897662135
"LOC132742068",6.78894597056748,6.56053851135742,6.18847376690153,5.32229623035555,7.54204813926988,8.80338737607207,5.65097756309619,5.74978351498054,5.71986259590019,5.31278434909275,5.26256341892958,6.61404392223283,4.75015259406111,5.62832864395474,7.31501168612974,4.5551047869764,4.58381274233492,5.51001590123285,5.80754841990742,5.57519796943306,4.85375651532374,4.84661503028603,4.72968769696682,5.88149180844907,5.60999309731869,5.12998542110997,5.39969072702169,3.71270292550082,5.71646816854923,4.34203571697009
"LOC132743875",6.67655497717019,7.68649386436686,7.22264127758175,6.60782940741471,7.66888302226009,7.76424539378924,6.34033179100039,6.99347344156645,6.31314976900201,6.77468683242957,8.10922160446424,7.32157401800305,6.25703736787445,7.90501901116633,7.52617910422019,6.20397367810017,6.67646635426087,6.47884106488526,6.44210145427064,7.03841480746048,6.79007976221137,5.82132384499724,6.61747708418557,7.11405573935548,6.08695537759811,5.47934684456066,6.87102220635432,6.2648260492947,6.51201593443274,6.01151581363715
"LOC132745166",5.31016832819786,5.22667326322869,4.74687427144112,4.70737121648096,6.01055747722451,5.36356016845028,5.2454790666736,4.49849359846243,5.4306145014113,4.72587748158884,5.58418069580008,5.07442203776411,6.37922149105535,4.85136060260292,4.82180504162031,6.48062391542965,6.21331541362103,6.87824618995938,6.7796410031024,5.00528681334729,7.58810415981451,4.39205274389477,5.50703140099785,5.11826833889251,6.41043984355123,5.66440373464332,7.96843891440087,5.3130686164518,6.99083120355832,5.76302565628581
"LOC132745822",7.54696896384492,8.09377766491318,8.44416658746947,8.04883993128317,9.28683160672599,9.82050110640449,7.61425117668735,8.48969985953043,6.66586345211153,7.78266356043855,7.17789732337337,8.49889688359672,6.77020109413821,8.03065603425807,8.88728702253566,6.95338773981747,5.8586432410054,6.80672516704105,7.44331210567403,6.92931100262783,6.68216748932676,6.83682678231641,6.50423104713145,6.67527113737435,7.86645063985243,6.98414949570113,7.76047051819874,6.8435210298491,7.86489340564372,5.49927825302253
"LOC132746012",8.93924662251253,9.12095113769444,9.2530708298706,9.08527532768737,9.56145697398042,9.31573473370308,9.45058803152419,9.68008559131496,8.83531866576469,9.08014553837257,9.01601138583723,9.63422351061879,9.15463360010142,9.01443759493556,9.45450110422628,8.65661855474574,8.64452836702694,8.86901908503642,9.28106410950179,8.95212737532909,8.76381879261213,8.8167063254292,8.60641490562785,8.88389027923112,8.63192512551243,8.74572765801869,9.03878602946618,9.03395720360593,8.95578213645666,9.04853613075519
"LOC132746399",5.27628952953365,6.31438781101382,7.93600984814608,7.72737321676371,6.92949936638874,8.01609823792826,6.24597314346219,6.40964191603359,5.55335518350816,6.87334382428336,7.10943761124955,5.69298924435225,7.07749949880229,5.22298057660165,6.72468216542612,4.79892898859898,4.68275127727934,5.70620478480942,5.54965662879115,5.46224023944634,6.31760728855767,5.47004829000648,5.21876764287522,5.60209181631184,6.12982647546675,5.61390745835799,6.15986504878392,5.88588360447826,4.8852686851375,4.42054043515821
"LOC132746437",6.95875621497265,7.15199644520364,7.31718183173584,7.40038637875088,7.58809732115364,7.58111601550974,7.4880159655654,6.50169030971852,7.15693722342077,7.48572872206587,6.83442112262033,7.28031805467425,7.04093895155307,7.52320437939439,7.82587332252183,6.30220409006433,5.29651129492512,6.46342001626307,6.68640379313905,6.87150040594742,6.72358621261318,6.35923102353314,6.29316946460723,7.12303578807219,7.40775273771406,6.14524036212439,6.80258460744161,5.90544890956395,6.90472964113191,6.97450047623593
"LOC132746792",5.78997837334059,6.52529666742304,5.48650100558967,5.76967621328101,6.38563512950317,7.13904925695242,6.16577456637658,6.40964191603359,5.39822533580014,7.45874541445936,5.43231575196302,6.99171099124119,6.79967867262331,5.76317826193942,6.37235276434563,4.3252118190234,4.10196356576328,5.24730880913005,5.51392029974647,5.10898992201973,5.48757489272077,4.90126874611842,5.37008729633384,5.18839056553755,5.21807438701997,5.85037624936066,6.09266955339127,4.60966922960836,5.92767699611923,4.63327648759653
"LOC132752133",5.76576581085496,6.27249358318002,7.17854897783705,5.93471197400108,5.43674068743548,5.82581631098345,6.12393903087845,6.7144970666278,6.65219426677003,6.23214979046188,7.61886416282954,7.28031805467425,5.56041298091419,5.51821679990737,4.64431984398843,4.88598236547629,3.37331148156434,5.01319004205134,5.89349523216449,4.8342562264397,4.94996208246053,4.7898090625435,4.43233883017159,5.7485450295947,5.24432348837883,6.14524036212439,6.24485149976426,4.03038610933582,5.24197484734744,4.63327648759653
"LOC132752300",8.5395406667533,10.284174784412,9.01996010766101,9.10965421518198,8.88721864793739,10.5385098239208,9.6049216139601,9.68570329751227,8.81399215574529,9.55804632936137,9.73194100747651,9.79482024055833,8.62682573322078,9.55961940558251,10.6805224705621,8.40354929343618,8.52960716575613,9.16671948582292,9.05106560760338,9.03016006185041,8.59554855343275,8.68661231138949,8.34655628700785,9.32240648627198,8.74425136647388,8.62979758119813,8.68293421781847,7.88235502811057,9.42460887333247,8.86770912199868
"LOC132758254",9.01823361489945,8.99135769024146,7.5770102986508,7.7890527300868,7.61799995441299,7.90348982202771,7.78503655802838,8.36219696935414,8.10246900797769,7.7309758660368,7.43127930730373,8.48987682533441,6.8708405814907,7.05600275342012,7.86691686258671,7.0029169529799,6.27803932926775,6.74429055973838,7.17241478194945,6.69942740326075,6.65387928736283,7.67450420909871,6.9605147726873,6.23625061656922,6.41043984355123,6.41964836186521,6.60777921850064,7.16901791666584,6.84818411765253,7.13444226611486
"LOC132758583",9.45293783884785,10.3051050454332,11.1894588213366,9.10099468424546,9.88415715645917,11.3995635213936,10.1829135777041,11.5013944231451,9.23435697504204,10.2525221303299,10.3010716194713,10.3798517038176,8.77887502517281,10.2823149818171,10.9643640239143,8.59011659172492,8.68685913514113,9.33292231535743,9.87585017935458,9.93840435365856,9.29941209895604,9.15987412506838,8.5630887882318,10.1604882771492,9.14341566440552,8.81999988688569,9.92440647074087,8.95165692936212,9.49627886757817,9.38834840075965
"LOC132758975",4.88489270676616,6.96737974744383,7.06203576394306,5.62254584704816,6.05495665619029,7.72943209200877,6.7781391089237,6.48889467944299,5.39822533580014,7.46779604183496,6.73405689729387,6.67897752977449,5.8692793256795,6.98877929863239,6.61652557787541,6.11667508410149,5.29651129492512,5.17341157449107,5.04822375743236,5.42253294505708,5.16567114168046,5.70324653058043,5.37008729633384,6.31672862988868,6.31459477111652,6.03441738072859,5.66936945426448,5.71900508361799,6.54084609601484,5.53500652585321
"LOC132759052",6.82454469051101,7.67045288681639,7.75268915287698,6.55808063589353,6.72486819018625,6.45650086699102,3.94146602784668,7.07278668054533,5.39822533580014,7.20097323651387,6.64011846500921,7.36168293258353,6.19183212565315,7.09488291298853,7.12507083107917,5.83973323887097,5.02202676850865,6.22819173499876,5.65184279642253,5.80874551922625,6.12497003569912,4.46643427513387,6.74480784010104,5.35009352931983,4.85900579828908,4.93809214995363,6.28553819402933,4.56115202913649,6.66389428304776,5.34679963212033
"LOC132759372",5.74113994582565,6.37503281669562,6.25367694840596,6.72066173471132,5.33238538823274,5.89027377198114,6.32194732940617,6.23674321789356,5.71986259590019,4.78500463306525,6.78511159103645,6.38022417076646,6.31942253888711,6.46330423980028,7.20193534066581,5.00744151959683,4.98373124162897,4.97019130734153,5.40107178925064,5.92697927493662,5.16567114168046,5.60787991208332,5.01336757974898,5.62755654525452,5.48347672341949,6.35961899328298,4.28083608680145,4.51094626624461,5.37600850792124,5.53500652585321
"LOC132759828",8.10543863491369,8.02605562695364,7.58547735329966,8.23131266562402,8.06596670189696,8.00885838362048,7.94375201092305,7.57465694416484,7.5075315873741,8.03489465606474,7.68756279807649,7.74955042951322,8.24282003818134,7.70173459100516,7.30509051406952,8.65352034853924,7.98264309301386,8.29434072795941,8.3406028988082,8.02630918679362,8.81581307446609,8.67881183623775,8.04745712446742,8.21764002174842,8.11072897386607,8.72208348759672,8.49621751729772,8.55317917905124,8.10582636967312,7.73530369060183
